,SVM,RF
Accuracy,0.5632380626390553,0.9758685606708882
Precesion,0.5147710885312204,0.4879342803354441
Recall,0.6551744939563323,0.5
F1,0.39533295637282234,0.49389346037245563
