,SVM,RF
Accuracy,0.8238918363854184,0.9758685606708882
Precesion,0.5044846847079816,0.4879342803354441
Recall,0.5258849078710718,0.5
F1,0.4789967325333252,0.49389346037245563
